"SUBJECT","Subject","LOCATION","Country","MEASURE","Measure","FREQUENCY","Frequency","TIME","Time","Unit Code","Unit","PowerCode Code","PowerCode","Reference Period Code","Reference Period","Value","Flag Codes","Flags"
"LRHUTTTT","Harmonised unemployment rate: all persons, s.a.","AUS","Australia","ST","Level, ratio or index","A","Annual","2011","2011","PC","Percentage","0","Units",,,5.08119518333333,,
"LRHUTTTT","Harmonised unemployment rate: all persons, s.a.","AUS","Australia","ST","Level, ratio or index","A","Annual","2012","2012","PC","Percentage","0","Units",,,5.22337585833333,,
"LRHUTTTT","Harmonised unemployment rate: all persons, s.a.","AUS","Australia","ST","Level, ratio or index","A","Annual","2013","2013","PC","Percentage","0","Units",,,5.6619398,,
"LRHUTTTT","Harmonised unemployment rate: all persons, s.a.","AUS","Australia","ST","Level, ratio or index","A","Annual","2014","2014","PC","Percentage","0","Units",,,6.07724431666667,,
"LRHUTTTT","Harmonised unemployment rate: all persons, s.a.","AUS","Australia","ST","Level, ratio or index","A","Annual","2015","2015","PC","Percentage","0","Units",,,6.05642340833333,,
"LRHUTTTT","Harmonised unemployment rate: all persons, s.a.","AUS","Australia","ST","Level, ratio or index","A","Annual","2016","2016","PC","Percentage","0","Units",,,5.71030101666667,,
"LRHUTTTT","Harmonised unemployment rate: all persons, s.a.","AUS","Australia","ST","Level, ratio or index","A","Annual","2017","2017","PC","Percentage","0","Units",,,5.59376038333333,,
"LRHUTTTT","Harmonised unemployment rate: all persons, s.a.","AUS","Australia","ST","Level, ratio or index","A","Annual","2018","2018","PC","Percentage","0","Units",,,5.29982851666667,,
"LRHUTTTT","Harmonised unemployment rate: all persons, s.a.","AUS","Australia","ST","Level, ratio or index","A","Annual","2019","2019","PC","Percentage","0","Units",,,5.16392018333333,,
"LRHUTTTT","Harmonised unemployment rate: all persons, s.a.","AUT","Austria","ST","Level, ratio or index","A","Annual","2011","2011","PC","Percentage","0","Units",,,4.575,,
"LRHUTTTT","Harmonised unemployment rate: all persons, s.a.","AUT","Austria","ST","Level, ratio or index","A","Annual","2012","2012","PC","Percentage","0","Units",,,4.88333333333333,,
"LRHUTTTT","Harmonised unemployment rate: all persons, s.a.","AUT","Austria","ST","Level, ratio or index","A","Annual","2013","2013","PC","Percentage","0","Units",,,5.35833333333333,,
"LRHUTTTT","Harmonised unemployment rate: all persons, s.a.","AUT","Austria","ST","Level, ratio or index","A","Annual","2014","2014","PC","Percentage","0","Units",,,5.64166666666667,,
"LRHUTTTT","Harmonised unemployment rate: all persons, s.a.","AUT","Austria","ST","Level, ratio or index","A","Annual","2015","2015","PC","Percentage","0","Units",,,5.73333333333333,,
"LRHUTTTT","Harmonised unemployment rate: all persons, s.a.","AUT","Austria","ST","Level, ratio or index","A","Annual","2016","2016","PC","Percentage","0","Units",,,6.03333333333333,,
"LRHUTTTT","Harmonised unemployment rate: all persons, s.a.","AUT","Austria","ST","Level, ratio or index","A","Annual","2017","2017","PC","Percentage","0","Units",,,5.51666666666667,,
"LRHUTTTT","Harmonised unemployment rate: all persons, s.a.","AUT","Austria","ST","Level, ratio or index","A","Annual","2018","2018","PC","Percentage","0","Units",,,4.85833333333333,,
"LRHUTTTT","Harmonised unemployment rate: all persons, s.a.","AUT","Austria","ST","Level, ratio or index","A","Annual","2019","2019","PC","Percentage","0","Units",,,4.50833333333333,,
"LRHUTTTT","Harmonised unemployment rate: all persons, s.a.","BEL","Belgium","ST","Level, ratio or index","A","Annual","2011","2011","PC","Percentage","0","Units",,,7.16666666666667,,
"LRHUTTTT","Harmonised unemployment rate: all persons, s.a.","BEL","Belgium","ST","Level, ratio or index","A","Annual","2012","2012","PC","Percentage","0","Units",,,7.56666666666667,,
"LRHUTTTT","Harmonised unemployment rate: all persons, s.a.","BEL","Belgium","ST","Level, ratio or index","A","Annual","2013","2013","PC","Percentage","0","Units",,,8.45,,
"LRHUTTTT","Harmonised unemployment rate: all persons, s.a.","BEL","Belgium","ST","Level, ratio or index","A","Annual","2014","2014","PC","Percentage","0","Units",,,8.53333333333334,,
"LRHUTTTT","Harmonised unemployment rate: all persons, s.a.","BEL","Belgium","ST","Level, ratio or index","A","Annual","2015","2015","PC","Percentage","0","Units",,,8.5,,
"LRHUTTTT","Harmonised unemployment rate: all persons, s.a.","BEL","Belgium","ST","Level, ratio or index","A","Annual","2016","2016","PC","Percentage","0","Units",,,7.85833333333333,,
"LRHUTTTT","Harmonised unemployment rate: all persons, s.a.","BEL","Belgium","ST","Level, ratio or index","A","Annual","2017","2017","PC","Percentage","0","Units",,,7.1,,
"LRHUTTTT","Harmonised unemployment rate: all persons, s.a.","BEL","Belgium","ST","Level, ratio or index","A","Annual","2018","2018","PC","Percentage","0","Units",,,5.95833333333333,,
"LRHUTTTT","Harmonised unemployment rate: all persons, s.a.","BEL","Belgium","ST","Level, ratio or index","A","Annual","2019","2019","PC","Percentage","0","Units",,,5.35833333333333,,
"LRHUTTTT","Harmonised unemployment rate: all persons, s.a.","CAN","Canada","ST","Level, ratio or index","A","Annual","2011","2011","PC","Percentage","0","Units",,,7.525,,
"LRHUTTTT","Harmonised unemployment rate: all persons, s.a.","CAN","Canada","ST","Level, ratio or index","A","Annual","2012","2012","PC","Percentage","0","Units",,,7.29166666666667,,
"LRHUTTTT","Harmonised unemployment rate: all persons, s.a.","CAN","Canada","ST","Level, ratio or index","A","Annual","2013","2013","PC","Percentage","0","Units",,,7.08333333333333,,
"LRHUTTTT","Harmonised unemployment rate: all persons, s.a.","CAN","Canada","ST","Level, ratio or index","A","Annual","2014","2014","PC","Percentage","0","Units",,,6.90833333333333,,
"LRHUTTTT","Harmonised unemployment rate: all persons, s.a.","CAN","Canada","ST","Level, ratio or index","A","Annual","2015","2015","PC","Percentage","0","Units",,,6.90833333333333,,
"LRHUTTTT","Harmonised unemployment rate: all persons, s.a.","CAN","Canada","ST","Level, ratio or index","A","Annual","2016","2016","PC","Percentage","0","Units",,,6.99166666666667,,
"LRHUTTTT","Harmonised unemployment rate: all persons, s.a.","CAN","Canada","ST","Level, ratio or index","A","Annual","2017","2017","PC","Percentage","0","Units",,,6.34166666666667,,
"LRHUTTTT","Harmonised unemployment rate: all persons, s.a.","CAN","Canada","ST","Level, ratio or index","A","Annual","2018","2018","PC","Percentage","0","Units",,,5.83333333333333,,
"LRHUTTTT","Harmonised unemployment rate: all persons, s.a.","CAN","Canada","ST","Level, ratio or index","A","Annual","2019","2019","PC","Percentage","0","Units",,,5.65833333333333,,
"LRHUTTTT","Harmonised unemployment rate: all persons, s.a.","CZE","Czech Republic","ST","Level, ratio or index","A","Annual","2011","2011","PC","Percentage","0","Units",,,6.71666666666667,,
"LRHUTTTT","Harmonised unemployment rate: all persons, s.a.","CZE","Czech Republic","ST","Level, ratio or index","A","Annual","2012","2012","PC","Percentage","0","Units",,,6.975,,
"LRHUTTTT","Harmonised unemployment rate: all persons, s.a.","CZE","Czech Republic","ST","Level, ratio or index","A","Annual","2013","2013","PC","Percentage","0","Units",,,6.96666666666667,,
"LRHUTTTT","Harmonised unemployment rate: all persons, s.a.","CZE","Czech Republic","ST","Level, ratio or index","A","Annual","2014","2014","PC","Percentage","0","Units",,,6.11666666666667,,
"LRHUTTTT","Harmonised unemployment rate: all persons, s.a.","CZE","Czech Republic","ST","Level, ratio or index","A","Annual","2015","2015","PC","Percentage","0","Units",,,5.05833333333333,,
"LRHUTTTT","Harmonised unemployment rate: all persons, s.a.","CZE","Czech Republic","ST","Level, ratio or index","A","Annual","2016","2016","PC","Percentage","0","Units",,,3.96666666666667,,
"LRHUTTTT","Harmonised unemployment rate: all persons, s.a.","CZE","Czech Republic","ST","Level, ratio or index","A","Annual","2017","2017","PC","Percentage","0","Units",,,2.90833333333333,,
"LRHUTTTT","Harmonised unemployment rate: all persons, s.a.","CZE","Czech Republic","ST","Level, ratio or index","A","Annual","2018","2018","PC","Percentage","0","Units",,,2.26666666666667,,
"LRHUTTTT","Harmonised unemployment rate: all persons, s.a.","CZE","Czech Republic","ST","Level, ratio or index","A","Annual","2019","2019","PC","Percentage","0","Units",,,2.01666666666667,,
"LRHUTTTT","Harmonised unemployment rate: all persons, s.a.","DNK","Denmark","ST","Level, ratio or index","A","Annual","2011","2011","PC","Percentage","0","Units",,,7.75833333333333,,
"LRHUTTTT","Harmonised unemployment rate: all persons, s.a.","DNK","Denmark","ST","Level, ratio or index","A","Annual","2012","2012","PC","Percentage","0","Units",,,7.8,,
"LRHUTTTT","Harmonised unemployment rate: all persons, s.a.","DNK","Denmark","ST","Level, ratio or index","A","Annual","2013","2013","PC","Percentage","0","Units",,,7.39166666666667,,
"LRHUTTTT","Harmonised unemployment rate: all persons, s.a.","DNK","Denmark","ST","Level, ratio or index","A","Annual","2014","2014","PC","Percentage","0","Units",,,6.88333333333333,,
"LRHUTTTT","Harmonised unemployment rate: all persons, s.a.","DNK","Denmark","ST","Level, ratio or index","A","Annual","2015","2015","PC","Percentage","0","Units",,,6.3,,
"LRHUTTTT","Harmonised unemployment rate: all persons, s.a.","DNK","Denmark","ST","Level, ratio or index","A","Annual","2016","2016","PC","Percentage","0","Units",,,6.00833333333333,,
"LRHUTTTT","Harmonised unemployment rate: all persons, s.a.","DNK","Denmark","ST","Level, ratio or index","A","Annual","2017","2017","PC","Percentage","0","Units",,,5.81666666666667,,
"LRHUTTTT","Harmonised unemployment rate: all persons, s.a.","DNK","Denmark","ST","Level, ratio or index","A","Annual","2018","2018","PC","Percentage","0","Units",,,5.11666666666667,,
"LRHUTTTT","Harmonised unemployment rate: all persons, s.a.","DNK","Denmark","ST","Level, ratio or index","A","Annual","2019","2019","PC","Percentage","0","Units",,,5.05833333333333,,
"LRHUTTTT","Harmonised unemployment rate: all persons, s.a.","FIN","Finland","ST","Level, ratio or index","A","Annual","2011","2011","PC","Percentage","0","Units",,,7.775,,
"LRHUTTTT","Harmonised unemployment rate: all persons, s.a.","FIN","Finland","ST","Level, ratio or index","A","Annual","2012","2012","PC","Percentage","0","Units",,,7.68333333333333,,
"LRHUTTTT","Harmonised unemployment rate: all persons, s.a.","FIN","Finland","ST","Level, ratio or index","A","Annual","2013","2013","PC","Percentage","0","Units",,,8.19166666666667,,
"LRHUTTTT","Harmonised unemployment rate: all persons, s.a.","FIN","Finland","ST","Level, ratio or index","A","Annual","2014","2014","PC","Percentage","0","Units",,,8.65833333333333,,
"LRHUTTTT","Harmonised unemployment rate: all persons, s.a.","FIN","Finland","ST","Level, ratio or index","A","Annual","2015","2015","PC","Percentage","0","Units",,,9.375,,
"LRHUTTTT","Harmonised unemployment rate: all persons, s.a.","FIN","Finland","ST","Level, ratio or index","A","Annual","2016","2016","PC","Percentage","0","Units",,,8.79166666666667,,
"LRHUTTTT","Harmonised unemployment rate: all persons, s.a.","FIN","Finland","ST","Level, ratio or index","A","Annual","2017","2017","PC","Percentage","0","Units",,,8.63333333333333,,
"LRHUTTTT","Harmonised unemployment rate: all persons, s.a.","FIN","Finland","ST","Level, ratio or index","A","Annual","2018","2018","PC","Percentage","0","Units",,,7.35833333333333,,
"LRHUTTTT","Harmonised unemployment rate: all persons, s.a.","FIN","Finland","ST","Level, ratio or index","A","Annual","2019","2019","PC","Percentage","0","Units",,,6.69166666666667,,
"LRHUTTTT","Harmonised unemployment rate: all persons, s.a.","FRA","France","ST","Level, ratio or index","A","Annual","2011","2011","PC","Percentage","0","Units",,,9.18333333333334,,
"LRHUTTTT","Harmonised unemployment rate: all persons, s.a.","FRA","France","ST","Level, ratio or index","A","Annual","2012","2012","PC","Percentage","0","Units",,,9.76666666666667,,
"LRHUTTTT","Harmonised unemployment rate: all persons, s.a.","FRA","France","ST","Level, ratio or index","A","Annual","2013","2013","PC","Percentage","0","Units",,,10.3166666666667,,
"LRHUTTTT","Harmonised unemployment rate: all persons, s.a.","FRA","France","ST","Level, ratio or index","A","Annual","2014","2014","PC","Percentage","0","Units",,,10.3,,
"LRHUTTTT","Harmonised unemployment rate: all persons, s.a.","FRA","France","ST","Level, ratio or index","A","Annual","2015","2015","PC","Percentage","0","Units",,,10.3583333333333,,
"LRHUTTTT","Harmonised unemployment rate: all persons, s.a.","FRA","France","ST","Level, ratio or index","A","Annual","2016","2016","PC","Percentage","0","Units",,,10.0416666666667,,
"LRHUTTTT","Harmonised unemployment rate: all persons, s.a.","FRA","France","ST","Level, ratio or index","A","Annual","2017","2017","PC","Percentage","0","Units",,,9.425,,
"LRHUTTTT","Harmonised unemployment rate: all persons, s.a.","FRA","France","ST","Level, ratio or index","A","Annual","2018","2018","PC","Percentage","0","Units",,,9.025,,
"LRHUTTTT","Harmonised unemployment rate: all persons, s.a.","FRA","France","ST","Level, ratio or index","A","Annual","2019","2019","PC","Percentage","0","Units",,,8.45,,
"LRHUTTTT","Harmonised unemployment rate: all persons, s.a.","DEU","Germany","ST","Level, ratio or index","A","Annual","2011","2011","PC","Percentage","0","Units",,,5.83333333333333,,
"LRHUTTTT","Harmonised unemployment rate: all persons, s.a.","DEU","Germany","ST","Level, ratio or index","A","Annual","2012","2012","PC","Percentage","0","Units",,,5.38333333333333,,
"LRHUTTTT","Harmonised unemployment rate: all persons, s.a.","DEU","Germany","ST","Level, ratio or index","A","Annual","2013","2013","PC","Percentage","0","Units",,,5.24166666666667,,
"LRHUTTTT","Harmonised unemployment rate: all persons, s.a.","DEU","Germany","ST","Level, ratio or index","A","Annual","2014","2014","PC","Percentage","0","Units",,,4.99166666666667,,
"LRHUTTTT","Harmonised unemployment rate: all persons, s.a.","DEU","Germany","ST","Level, ratio or index","A","Annual","2015","2015","PC","Percentage","0","Units",,,4.63333333333333,,
"LRHUTTTT","Harmonised unemployment rate: all persons, s.a.","DEU","Germany","ST","Level, ratio or index","A","Annual","2016","2016","PC","Percentage","0","Units",,,4.13333333333333,,
"LRHUTTTT","Harmonised unemployment rate: all persons, s.a.","DEU","Germany","ST","Level, ratio or index","A","Annual","2017","2017","PC","Percentage","0","Units",,,3.75833333333333,,
"LRHUTTTT","Harmonised unemployment rate: all persons, s.a.","DEU","Germany","ST","Level, ratio or index","A","Annual","2018","2018","PC","Percentage","0","Units",,,3.4,,
"LRHUTTTT","Harmonised unemployment rate: all persons, s.a.","DEU","Germany","ST","Level, ratio or index","A","Annual","2019","2019","PC","Percentage","0","Units",,,3.15,,
"LRHUTTTT","Harmonised unemployment rate: all persons, s.a.","GRC","Greece","ST","Level, ratio or index","A","Annual","2011","2011","PC","Percentage","0","Units",,,17.9166666666667,,
"LRHUTTTT","Harmonised unemployment rate: all persons, s.a.","GRC","Greece","ST","Level, ratio or index","A","Annual","2012","2012","PC","Percentage","0","Units",,,24.4916666666667,,
"LRHUTTTT","Harmonised unemployment rate: all persons, s.a.","GRC","Greece","ST","Level, ratio or index","A","Annual","2013","2013","PC","Percentage","0","Units",,,27.4916666666667,,
"LRHUTTTT","Harmonised unemployment rate: all persons, s.a.","GRC","Greece","ST","Level, ratio or index","A","Annual","2014","2014","PC","Percentage","0","Units",,,26.55,,
"LRHUTTTT","Harmonised unemployment rate: all persons, s.a.","GRC","Greece","ST","Level, ratio or index","A","Annual","2015","2015","PC","Percentage","0","Units",,,24.9583333333333,,
"LRHUTTTT","Harmonised unemployment rate: all persons, s.a.","GRC","Greece","ST","Level, ratio or index","A","Annual","2016","2016","PC","Percentage","0","Units",,,23.5666666666667,,
"LRHUTTTT","Harmonised unemployment rate: all persons, s.a.","GRC","Greece","ST","Level, ratio or index","A","Annual","2017","2017","PC","Percentage","0","Units",,,21.5333333333333,,
"LRHUTTTT","Harmonised unemployment rate: all persons, s.a.","GRC","Greece","ST","Level, ratio or index","A","Annual","2018","2018","PC","Percentage","0","Units",,,19.3083333333333,,
"LRHUTTTT","Harmonised unemployment rate: all persons, s.a.","GRC","Greece","ST","Level, ratio or index","A","Annual","2019","2019","PC","Percentage","0","Units",,,17.3333333333333,,
"LRHUTTTT","Harmonised unemployment rate: all persons, s.a.","HUN","Hungary","ST","Level, ratio or index","A","Annual","2011","2011","PC","Percentage","0","Units",,,11.0583333333333,,
"LRHUTTTT","Harmonised unemployment rate: all persons, s.a.","HUN","Hungary","ST","Level, ratio or index","A","Annual","2012","2012","PC","Percentage","0","Units",,,11.0166666666667,,
"LRHUTTTT","Harmonised unemployment rate: all persons, s.a.","HUN","Hungary","ST","Level, ratio or index","A","Annual","2013","2013","PC","Percentage","0","Units",,,10.1166666666667,,
"LRHUTTTT","Harmonised unemployment rate: all persons, s.a.","HUN","Hungary","ST","Level, ratio or index","A","Annual","2014","2014","PC","Percentage","0","Units",,,7.74166666666667,,
"LRHUTTTT","Harmonised unemployment rate: all persons, s.a.","HUN","Hungary","ST","Level, ratio or index","A","Annual","2015","2015","PC","Percentage","0","Units",,,6.83333333333333,,
"LRHUTTTT","Harmonised unemployment rate: all persons, s.a.","HUN","Hungary","ST","Level, ratio or index","A","Annual","2016","2016","PC","Percentage","0","Units",,,5.1,,
"LRHUTTTT","Harmonised unemployment rate: all persons, s.a.","HUN","Hungary","ST","Level, ratio or index","A","Annual","2017","2017","PC","Percentage","0","Units",,,4.175,,
"LRHUTTTT","Harmonised unemployment rate: all persons, s.a.","HUN","Hungary","ST","Level, ratio or index","A","Annual","2018","2018","PC","Percentage","0","Units",,,3.70833333333333,,
"LRHUTTTT","Harmonised unemployment rate: all persons, s.a.","HUN","Hungary","ST","Level, ratio or index","A","Annual","2019","2019","PC","Percentage","0","Units",,,3.45,,
"LRHUTTTT","Harmonised unemployment rate: all persons, s.a.","ISL","Iceland","ST","Level, ratio or index","A","Annual","2011","2011","PC","Percentage","0","Units",,,7.05,,
"LRHUTTTT","Harmonised unemployment rate: all persons, s.a.","ISL","Iceland","ST","Level, ratio or index","A","Annual","2012","2012","PC","Percentage","0","Units",,,6.025,,
"LRHUTTTT","Harmonised unemployment rate: all persons, s.a.","ISL","Iceland","ST","Level, ratio or index","A","Annual","2013","2013","PC","Percentage","0","Units",,,5.39166666666667,,
"LRHUTTTT","Harmonised unemployment rate: all persons, s.a.","ISL","Iceland","ST","Level, ratio or index","A","Annual","2014","2014","PC","Percentage","0","Units",,,4.95833333333333,,
"LRHUTTTT","Harmonised unemployment rate: all persons, s.a.","ISL","Iceland","ST","Level, ratio or index","A","Annual","2015","2015","PC","Percentage","0","Units",,,3.99166666666667,,
"LRHUTTTT","Harmonised unemployment rate: all persons, s.a.","ISL","Iceland","ST","Level, ratio or index","A","Annual","2016","2016","PC","Percentage","0","Units",,,3.00833333333333,,
"LRHUTTTT","Harmonised unemployment rate: all persons, s.a.","ISL","Iceland","ST","Level, ratio or index","A","Annual","2017","2017","PC","Percentage","0","Units",,,2.825,,
"LRHUTTTT","Harmonised unemployment rate: all persons, s.a.","ISL","Iceland","ST","Level, ratio or index","A","Annual","2018","2018","PC","Percentage","0","Units",,,2.74166666666667,,
"LRHUTTTT","Harmonised unemployment rate: all persons, s.a.","ISL","Iceland","ST","Level, ratio or index","A","Annual","2019","2019","PC","Percentage","0","Units",,,3.54166666666667,,
"LRHUTTTT","Harmonised unemployment rate: all persons, s.a.","IRL","Ireland","ST","Level, ratio or index","A","Annual","2011","2011","PC","Percentage","0","Units",,,15.4,,
"LRHUTTTT","Harmonised unemployment rate: all persons, s.a.","IRL","Ireland","ST","Level, ratio or index","A","Annual","2012","2012","PC","Percentage","0","Units",,,15.5083333333333,,
"LRHUTTTT","Harmonised unemployment rate: all persons, s.a.","IRL","Ireland","ST","Level, ratio or index","A","Annual","2013","2013","PC","Percentage","0","Units",,,13.775,,
"LRHUTTTT","Harmonised unemployment rate: all persons, s.a.","IRL","Ireland","ST","Level, ratio or index","A","Annual","2014","2014","PC","Percentage","0","Units",,,11.9083333333333,,
"LRHUTTTT","Harmonised unemployment rate: all persons, s.a.","IRL","Ireland","ST","Level, ratio or index","A","Annual","2015","2015","PC","Percentage","0","Units",,,9.94166666666667,,
"LRHUTTTT","Harmonised unemployment rate: all persons, s.a.","IRL","Ireland","ST","Level, ratio or index","A","Annual","2016","2016","PC","Percentage","0","Units",,,8.40833333333333,,
"LRHUTTTT","Harmonised unemployment rate: all persons, s.a.","IRL","Ireland","ST","Level, ratio or index","A","Annual","2017","2017","PC","Percentage","0","Units",,,6.73333333333333,,
"LRHUTTTT","Harmonised unemployment rate: all persons, s.a.","IRL","Ireland","ST","Level, ratio or index","A","Annual","2018","2018","PC","Percentage","0","Units",,,5.76666666666667,,
"LRHUTTTT","Harmonised unemployment rate: all persons, s.a.","IRL","Ireland","ST","Level, ratio or index","A","Annual","2019","2019","PC","Percentage","0","Units",,,4.975,,
"LRHUTTTT","Harmonised unemployment rate: all persons, s.a.","ITA","Italy","ST","Level, ratio or index","A","Annual","2011","2011","PC","Percentage","0","Units",,,8.35,,
"LRHUTTTT","Harmonised unemployment rate: all persons, s.a.","ITA","Italy","ST","Level, ratio or index","A","Annual","2012","2012","PC","Percentage","0","Units",,,10.6416666666667,,
"LRHUTTTT","Harmonised unemployment rate: all persons, s.a.","ITA","Italy","ST","Level, ratio or index","A","Annual","2013","2013","PC","Percentage","0","Units",,,12.1333333333333,,
"LRHUTTTT","Harmonised unemployment rate: all persons, s.a.","ITA","Italy","ST","Level, ratio or index","A","Annual","2014","2014","PC","Percentage","0","Units",,,12.65,,
"LRHUTTTT","Harmonised unemployment rate: all persons, s.a.","ITA","Italy","ST","Level, ratio or index","A","Annual","2015","2015","PC","Percentage","0","Units",,,11.8916666666667,,
"LRHUTTTT","Harmonised unemployment rate: all persons, s.a.","ITA","Italy","ST","Level, ratio or index","A","Annual","2016","2016","PC","Percentage","0","Units",,,11.675,,
"LRHUTTTT","Harmonised unemployment rate: all persons, s.a.","ITA","Italy","ST","Level, ratio or index","A","Annual","2017","2017","PC","Percentage","0","Units",,,11.225,,
"LRHUTTTT","Harmonised unemployment rate: all persons, s.a.","ITA","Italy","ST","Level, ratio or index","A","Annual","2018","2018","PC","Percentage","0","Units",,,10.6166666666667,,
"LRHUTTTT","Harmonised unemployment rate: all persons, s.a.","ITA","Italy","ST","Level, ratio or index","A","Annual","2019","2019","PC","Percentage","0","Units",,,9.96666666666667,,
"LRHUTTTT","Harmonised unemployment rate: all persons, s.a.","JPN","Japan","ST","Level, ratio or index","A","Annual","2011","2011","PC","Percentage","0","Units",,,4.58333333333333,,
"LRHUTTTT","Harmonised unemployment rate: all persons, s.a.","JPN","Japan","ST","Level, ratio or index","A","Annual","2012","2012","PC","Percentage","0","Units",,,4.35,,
"LRHUTTTT","Harmonised unemployment rate: all persons, s.a.","JPN","Japan","ST","Level, ratio or index","A","Annual","2013","2013","PC","Percentage","0","Units",,,4.025,,
"LRHUTTTT","Harmonised unemployment rate: all persons, s.a.","JPN","Japan","ST","Level, ratio or index","A","Annual","2014","2014","PC","Percentage","0","Units",,,3.59166666666667,,
"LRHUTTTT","Harmonised unemployment rate: all persons, s.a.","JPN","Japan","ST","Level, ratio or index","A","Annual","2015","2015","PC","Percentage","0","Units",,,3.375,,
"LRHUTTTT","Harmonised unemployment rate: all persons, s.a.","JPN","Japan","ST","Level, ratio or index","A","Annual","2016","2016","PC","Percentage","0","Units",,,3.11666666666667,,
"LRHUTTTT","Harmonised unemployment rate: all persons, s.a.","JPN","Japan","ST","Level, ratio or index","A","Annual","2017","2017","PC","Percentage","0","Units",,,2.80833333333333,,
"LRHUTTTT","Harmonised unemployment rate: all persons, s.a.","JPN","Japan","ST","Level, ratio or index","A","Annual","2018","2018","PC","Percentage","0","Units",,,2.44166666666667,,
"LRHUTTTT","Harmonised unemployment rate: all persons, s.a.","JPN","Japan","ST","Level, ratio or index","A","Annual","2019","2019","PC","Percentage","0","Units",,,2.35,,
"LRHUTTTT","Harmonised unemployment rate: all persons, s.a.","KOR","Korea","ST","Level, ratio or index","A","Annual","2011","2011","PC","Percentage","0","Units",,,3.40833333333333,,
"LRHUTTTT","Harmonised unemployment rate: all persons, s.a.","KOR","Korea","ST","Level, ratio or index","A","Annual","2012","2012","PC","Percentage","0","Units",,,3.225,,
"LRHUTTTT","Harmonised unemployment rate: all persons, s.a.","KOR","Korea","ST","Level, ratio or index","A","Annual","2013","2013","PC","Percentage","0","Units",,,3.1,,
"LRHUTTTT","Harmonised unemployment rate: all persons, s.a.","KOR","Korea","ST","Level, ratio or index","A","Annual","2014","2014","PC","Percentage","0","Units",,,3.49166666666667,,
"LRHUTTTT","Harmonised unemployment rate: all persons, s.a.","KOR","Korea","ST","Level, ratio or index","A","Annual","2015","2015","PC","Percentage","0","Units",,,3.59166666666667,,
"LRHUTTTT","Harmonised unemployment rate: all persons, s.a.","KOR","Korea","ST","Level, ratio or index","A","Annual","2016","2016","PC","Percentage","0","Units",,,3.675,,
"LRHUTTTT","Harmonised unemployment rate: all persons, s.a.","KOR","Korea","ST","Level, ratio or index","A","Annual","2017","2017","PC","Percentage","0","Units",,,3.68333333333333,,
"LRHUTTTT","Harmonised unemployment rate: all persons, s.a.","KOR","Korea","ST","Level, ratio or index","A","Annual","2018","2018","PC","Percentage","0","Units",,,3.83333333333333,,
"LRHUTTTT","Harmonised unemployment rate: all persons, s.a.","KOR","Korea","ST","Level, ratio or index","A","Annual","2019","2019","PC","Percentage","0","Units",,,3.78333333333333,,
"LRHUTTTT","Harmonised unemployment rate: all persons, s.a.","LUX","Luxembourg","ST","Level, ratio or index","A","Annual","2011","2011","PC","Percentage","0","Units",,,4.83333333333333,,
"LRHUTTTT","Harmonised unemployment rate: all persons, s.a.","LUX","Luxembourg","ST","Level, ratio or index","A","Annual","2012","2012","PC","Percentage","0","Units",,,5.06666666666667,,
"LRHUTTTT","Harmonised unemployment rate: all persons, s.a.","LUX","Luxembourg","ST","Level, ratio or index","A","Annual","2013","2013","PC","Percentage","0","Units",,,5.875,,
"LRHUTTTT","Harmonised unemployment rate: all persons, s.a.","LUX","Luxembourg","ST","Level, ratio or index","A","Annual","2014","2014","PC","Percentage","0","Units",,,6.05,,
"LRHUTTTT","Harmonised unemployment rate: all persons, s.a.","LUX","Luxembourg","ST","Level, ratio or index","A","Annual","2015","2015","PC","Percentage","0","Units",,,6.45833333333333,,
"LRHUTTTT","Harmonised unemployment rate: all persons, s.a.","LUX","Luxembourg","ST","Level, ratio or index","A","Annual","2016","2016","PC","Percentage","0","Units",,,6.33333333333333,,
"LRHUTTTT","Harmonised unemployment rate: all persons, s.a.","LUX","Luxembourg","ST","Level, ratio or index","A","Annual","2017","2017","PC","Percentage","0","Units",,,5.61666666666667,,
"LRHUTTTT","Harmonised unemployment rate: all persons, s.a.","LUX","Luxembourg","ST","Level, ratio or index","A","Annual","2018","2018","PC","Percentage","0","Units",,,5.5,,
"LRHUTTTT","Harmonised unemployment rate: all persons, s.a.","LUX","Luxembourg","ST","Level, ratio or index","A","Annual","2019","2019","PC","Percentage","0","Units",,,5.60833333333333,,
"LRHUTTTT","Harmonised unemployment rate: all persons, s.a.","MEX","Mexico","ST","Level, ratio or index","A","Annual","2011","2011","PC","Percentage","0","Units",,,5.2335727715,,
"LRHUTTTT","Harmonised unemployment rate: all persons, s.a.","MEX","Mexico","ST","Level, ratio or index","A","Annual","2012","2012","PC","Percentage","0","Units",,,4.95276899408333,,
"LRHUTTTT","Harmonised unemployment rate: all persons, s.a.","MEX","Mexico","ST","Level, ratio or index","A","Annual","2013","2013","PC","Percentage","0","Units",,,4.92946614875,,
"LRHUTTTT","Harmonised unemployment rate: all persons, s.a.","MEX","Mexico","ST","Level, ratio or index","A","Annual","2014","2014","PC","Percentage","0","Units",,,4.828957749,,
"LRHUTTTT","Harmonised unemployment rate: all persons, s.a.","MEX","Mexico","ST","Level, ratio or index","A","Annual","2015","2015","PC","Percentage","0","Units",,,4.35294290925,,
"LRHUTTTT","Harmonised unemployment rate: all persons, s.a.","MEX","Mexico","ST","Level, ratio or index","A","Annual","2016","2016","PC","Percentage","0","Units",,,3.88243769358333,,
"LRHUTTTT","Harmonised unemployment rate: all persons, s.a.","MEX","Mexico","ST","Level, ratio or index","A","Annual","2017","2017","PC","Percentage","0","Units",,,3.41904586325,,
"LRHUTTTT","Harmonised unemployment rate: all persons, s.a.","MEX","Mexico","ST","Level, ratio or index","A","Annual","2018","2018","PC","Percentage","0","Units",,,3.32854937741667,,
"LRHUTTTT","Harmonised unemployment rate: all persons, s.a.","MEX","Mexico","ST","Level, ratio or index","A","Annual","2019","2019","PC","Percentage","0","Units",,,3.49457980433333,,
"LRHUTTTT","Harmonised unemployment rate: all persons, s.a.","NLD","Netherlands","ST","Level, ratio or index","A","Annual","2011","2011","PC","Percentage","0","Units",,,4.99166666666667,,
"LRHUTTTT","Harmonised unemployment rate: all persons, s.a.","NLD","Netherlands","ST","Level, ratio or index","A","Annual","2012","2012","PC","Percentage","0","Units",,,5.825,,
"LRHUTTTT","Harmonised unemployment rate: all persons, s.a.","NLD","Netherlands","ST","Level, ratio or index","A","Annual","2013","2013","PC","Percentage","0","Units",,,7.24166666666667,,
"LRHUTTTT","Harmonised unemployment rate: all persons, s.a.","NLD","Netherlands","ST","Level, ratio or index","A","Annual","2014","2014","PC","Percentage","0","Units",,,7.425,,
"LRHUTTTT","Harmonised unemployment rate: all persons, s.a.","NLD","Netherlands","ST","Level, ratio or index","A","Annual","2015","2015","PC","Percentage","0","Units",,,6.89166666666667,,
"LRHUTTTT","Harmonised unemployment rate: all persons, s.a.","NLD","Netherlands","ST","Level, ratio or index","A","Annual","2016","2016","PC","Percentage","0","Units",,,6.025,,
"LRHUTTTT","Harmonised unemployment rate: all persons, s.a.","NLD","Netherlands","ST","Level, ratio or index","A","Annual","2017","2017","PC","Percentage","0","Units",,,4.85833333333333,,
"LRHUTTTT","Harmonised unemployment rate: all persons, s.a.","NLD","Netherlands","ST","Level, ratio or index","A","Annual","2018","2018","PC","Percentage","0","Units",,,3.84166666666667,,
"LRHUTTTT","Harmonised unemployment rate: all persons, s.a.","NLD","Netherlands","ST","Level, ratio or index","A","Annual","2019","2019","PC","Percentage","0","Units",,,3.4,,
"LRHUTTTT","Harmonised unemployment rate: all persons, s.a.","NZL","New Zealand","ST","Level, ratio or index","A","Annual","2011","2011","PC","Percentage","0","Units",,,5.95,,
"LRHUTTTT","Harmonised unemployment rate: all persons, s.a.","NZL","New Zealand","ST","Level, ratio or index","A","Annual","2012","2012","PC","Percentage","0","Units",,,6.4,,
"LRHUTTTT","Harmonised unemployment rate: all persons, s.a.","NZL","New Zealand","ST","Level, ratio or index","A","Annual","2013","2013","PC","Percentage","0","Units",,,5.75,,
"LRHUTTTT","Harmonised unemployment rate: all persons, s.a.","NZL","New Zealand","ST","Level, ratio or index","A","Annual","2014","2014","PC","Percentage","0","Units",,,5.375,,
"LRHUTTTT","Harmonised unemployment rate: all persons, s.a.","NZL","New Zealand","ST","Level, ratio or index","A","Annual","2015","2015","PC","Percentage","0","Units",,,5.35,,
"LRHUTTTT","Harmonised unemployment rate: all persons, s.a.","NZL","New Zealand","ST","Level, ratio or index","A","Annual","2016","2016","PC","Percentage","0","Units",,,5.1,,
"LRHUTTTT","Harmonised unemployment rate: all persons, s.a.","NZL","New Zealand","ST","Level, ratio or index","A","Annual","2017","2017","PC","Percentage","0","Units",,,4.7,,
"LRHUTTTT","Harmonised unemployment rate: all persons, s.a.","NZL","New Zealand","ST","Level, ratio or index","A","Annual","2018","2018","PC","Percentage","0","Units",,,4.3,,
"LRHUTTTT","Harmonised unemployment rate: all persons, s.a.","NZL","New Zealand","ST","Level, ratio or index","A","Annual","2019","2019","PC","Percentage","0","Units",,,4.075,,
"LRHUTTTT","Harmonised unemployment rate: all persons, s.a.","NOR","Norway","ST","Level, ratio or index","A","Annual","2011","2011","PC","Percentage","0","Units",,,3.40833333333333,,
"LRHUTTTT","Harmonised unemployment rate: all persons, s.a.","NOR","Norway","ST","Level, ratio or index","A","Annual","2012","2012","PC","Percentage","0","Units",,,3.3,,
"LRHUTTTT","Harmonised unemployment rate: all persons, s.a.","NOR","Norway","ST","Level, ratio or index","A","Annual","2013","2013","PC","Percentage","0","Units",,,3.75833333333333,,
"LRHUTTTT","Harmonised unemployment rate: all persons, s.a.","NOR","Norway","ST","Level, ratio or index","A","Annual","2014","2014","PC","Percentage","0","Units",,,3.63333333333333,,
"LRHUTTTT","Harmonised unemployment rate: all persons, s.a.","NOR","Norway","ST","Level, ratio or index","A","Annual","2015","2015","PC","Percentage","0","Units",,,4.5,,
"LRHUTTTT","Harmonised unemployment rate: all persons, s.a.","NOR","Norway","ST","Level, ratio or index","A","Annual","2016","2016","PC","Percentage","0","Units",,,4.75833333333333,,
"LRHUTTTT","Harmonised unemployment rate: all persons, s.a.","NOR","Norway","ST","Level, ratio or index","A","Annual","2017","2017","PC","Percentage","0","Units",,,4.19166666666667,,
"LRHUTTTT","Harmonised unemployment rate: all persons, s.a.","NOR","Norway","ST","Level, ratio or index","A","Annual","2018","2018","PC","Percentage","0","Units",,,3.875,,
"LRHUTTTT","Harmonised unemployment rate: all persons, s.a.","NOR","Norway","ST","Level, ratio or index","A","Annual","2019","2019","PC","Percentage","0","Units",,,3.7,,
"LRHUTTTT","Harmonised unemployment rate: all persons, s.a.","POL","Poland","ST","Level, ratio or index","A","Annual","2011","2011","PC","Percentage","0","Units",,,9.65,,
"LRHUTTTT","Harmonised unemployment rate: all persons, s.a.","POL","Poland","ST","Level, ratio or index","A","Annual","2012","2012","PC","Percentage","0","Units",,,10.1083333333333,,
"LRHUTTTT","Harmonised unemployment rate: all persons, s.a.","POL","Poland","ST","Level, ratio or index","A","Annual","2013","2013","PC","Percentage","0","Units",,,10.3416666666667,,
"LRHUTTTT","Harmonised unemployment rate: all persons, s.a.","POL","Poland","ST","Level, ratio or index","A","Annual","2014","2014","PC","Percentage","0","Units",,,9.01666666666666,,
"LRHUTTTT","Harmonised unemployment rate: all persons, s.a.","POL","Poland","ST","Level, ratio or index","A","Annual","2015","2015","PC","Percentage","0","Units",,,7.525,,
"LRHUTTTT","Harmonised unemployment rate: all persons, s.a.","POL","Poland","ST","Level, ratio or index","A","Annual","2016","2016","PC","Percentage","0","Units",,,6.19166666666667,,
"LRHUTTTT","Harmonised unemployment rate: all persons, s.a.","POL","Poland","ST","Level, ratio or index","A","Annual","2017","2017","PC","Percentage","0","Units",,,4.88333333333333,,
"LRHUTTTT","Harmonised unemployment rate: all persons, s.a.","POL","Poland","ST","Level, ratio or index","A","Annual","2018","2018","PC","Percentage","0","Units",,,3.85833333333333,,
"LRHUTTTT","Harmonised unemployment rate: all persons, s.a.","POL","Poland","ST","Level, ratio or index","A","Annual","2019","2019","PC","Percentage","0","Units",,,3.28333333333333,,
"LRHUTTTT","Harmonised unemployment rate: all persons, s.a.","PRT","Portugal","ST","Level, ratio or index","A","Annual","2011","2011","PC","Percentage","0","Units",,,12.8833333333333,,
"LRHUTTTT","Harmonised unemployment rate: all persons, s.a.","PRT","Portugal","ST","Level, ratio or index","A","Annual","2012","2012","PC","Percentage","0","Units",,,15.7833333333333,,
"LRHUTTTT","Harmonised unemployment rate: all persons, s.a.","PRT","Portugal","ST","Level, ratio or index","A","Annual","2013","2013","PC","Percentage","0","Units",,,16.4583333333333,,
"LRHUTTTT","Harmonised unemployment rate: all persons, s.a.","PRT","Portugal","ST","Level, ratio or index","A","Annual","2014","2014","PC","Percentage","0","Units",,,14.125,,
"LRHUTTTT","Harmonised unemployment rate: all persons, s.a.","PRT","Portugal","ST","Level, ratio or index","A","Annual","2015","2015","PC","Percentage","0","Units",,,12.6583333333333,,
"LRHUTTTT","Harmonised unemployment rate: all persons, s.a.","PRT","Portugal","ST","Level, ratio or index","A","Annual","2016","2016","PC","Percentage","0","Units",,,11.175,,
"LRHUTTTT","Harmonised unemployment rate: all persons, s.a.","PRT","Portugal","ST","Level, ratio or index","A","Annual","2017","2017","PC","Percentage","0","Units",,,9.01666666666666,,
"LRHUTTTT","Harmonised unemployment rate: all persons, s.a.","PRT","Portugal","ST","Level, ratio or index","A","Annual","2018","2018","PC","Percentage","0","Units",,,7.05,,
"LRHUTTTT","Harmonised unemployment rate: all persons, s.a.","PRT","Portugal","ST","Level, ratio or index","A","Annual","2019","2019","PC","Percentage","0","Units",,,6.55,,
"LRHUTTTT","Harmonised unemployment rate: all persons, s.a.","SVK","Slovak Republic","ST","Level, ratio or index","A","Annual","2011","2011","PC","Percentage","0","Units",,,13.6833333333333,,
"LRHUTTTT","Harmonised unemployment rate: all persons, s.a.","SVK","Slovak Republic","ST","Level, ratio or index","A","Annual","2012","2012","PC","Percentage","0","Units",,,13.9583333333333,,
"LRHUTTTT","Harmonised unemployment rate: all persons, s.a.","SVK","Slovak Republic","ST","Level, ratio or index","A","Annual","2013","2013","PC","Percentage","0","Units",,,14.225,,
"LRHUTTTT","Harmonised unemployment rate: all persons, s.a.","SVK","Slovak Republic","ST","Level, ratio or index","A","Annual","2014","2014","PC","Percentage","0","Units",,,13.2083333333333,,
"LRHUTTTT","Harmonised unemployment rate: all persons, s.a.","SVK","Slovak Republic","ST","Level, ratio or index","A","Annual","2015","2015","PC","Percentage","0","Units",,,11.5,,
"LRHUTTTT","Harmonised unemployment rate: all persons, s.a.","SVK","Slovak Republic","ST","Level, ratio or index","A","Annual","2016","2016","PC","Percentage","0","Units",,,9.66666666666666,,
"LRHUTTTT","Harmonised unemployment rate: all persons, s.a.","SVK","Slovak Republic","ST","Level, ratio or index","A","Annual","2017","2017","PC","Percentage","0","Units",,,8.125,,
"LRHUTTTT","Harmonised unemployment rate: all persons, s.a.","SVK","Slovak Republic","ST","Level, ratio or index","A","Annual","2018","2018","PC","Percentage","0","Units",,,6.54166666666667,,
"LRHUTTTT","Harmonised unemployment rate: all persons, s.a.","SVK","Slovak Republic","ST","Level, ratio or index","A","Annual","2019","2019","PC","Percentage","0","Units",,,5.75833333333333,,
"LRHUTTTT","Harmonised unemployment rate: all persons, s.a.","ESP","Spain","ST","Level, ratio or index","A","Annual","2011","2011","PC","Percentage","0","Units",,,21.4083333333333,,
"LRHUTTTT","Harmonised unemployment rate: all persons, s.a.","ESP","Spain","ST","Level, ratio or index","A","Annual","2012","2012","PC","Percentage","0","Units",,,24.7916666666667,,
"LRHUTTTT","Harmonised unemployment rate: all persons, s.a.","ESP","Spain","ST","Level, ratio or index","A","Annual","2013","2013","PC","Percentage","0","Units",,,26.1166666666667,,
"LRHUTTTT","Harmonised unemployment rate: all persons, s.a.","ESP","Spain","ST","Level, ratio or index","A","Annual","2014","2014","PC","Percentage","0","Units",,,24.45,,
"LRHUTTTT","Harmonised unemployment rate: all persons, s.a.","ESP","Spain","ST","Level, ratio or index","A","Annual","2015","2015","PC","Percentage","0","Units",,,22.075,,
"LRHUTTTT","Harmonised unemployment rate: all persons, s.a.","ESP","Spain","ST","Level, ratio or index","A","Annual","2016","2016","PC","Percentage","0","Units",,,19.65,,
"LRHUTTTT","Harmonised unemployment rate: all persons, s.a.","ESP","Spain","ST","Level, ratio or index","A","Annual","2017","2017","PC","Percentage","0","Units",,,17.2333333333333,,
"LRHUTTTT","Harmonised unemployment rate: all persons, s.a.","ESP","Spain","ST","Level, ratio or index","A","Annual","2018","2018","PC","Percentage","0","Units",,,15.2666666666667,,
"LRHUTTTT","Harmonised unemployment rate: all persons, s.a.","ESP","Spain","ST","Level, ratio or index","A","Annual","2019","2019","PC","Percentage","0","Units",,,14.1166666666667,,
"LRHUTTTT","Harmonised unemployment rate: all persons, s.a.","SWE","Sweden","ST","Level, ratio or index","A","Annual","2011","2011","PC","Percentage","0","Units",,,7.76666666666667,,
"LRHUTTTT","Harmonised unemployment rate: all persons, s.a.","SWE","Sweden","ST","Level, ratio or index","A","Annual","2012","2012","PC","Percentage","0","Units",,,7.96666666666667,,
"LRHUTTTT","Harmonised unemployment rate: all persons, s.a.","SWE","Sweden","ST","Level, ratio or index","A","Annual","2013","2013","PC","Percentage","0","Units",,,8,,
"LRHUTTTT","Harmonised unemployment rate: all persons, s.a.","SWE","Sweden","ST","Level, ratio or index","A","Annual","2014","2014","PC","Percentage","0","Units",,,7.93333333333334,,
"LRHUTTTT","Harmonised unemployment rate: all persons, s.a.","SWE","Sweden","ST","Level, ratio or index","A","Annual","2015","2015","PC","Percentage","0","Units",,,7.4,,
"LRHUTTTT","Harmonised unemployment rate: all persons, s.a.","SWE","Sweden","ST","Level, ratio or index","A","Annual","2016","2016","PC","Percentage","0","Units",,,6.95,,
"LRHUTTTT","Harmonised unemployment rate: all persons, s.a.","SWE","Sweden","ST","Level, ratio or index","A","Annual","2017","2017","PC","Percentage","0","Units",,,6.68333333333333,,
"LRHUTTTT","Harmonised unemployment rate: all persons, s.a.","SWE","Sweden","ST","Level, ratio or index","A","Annual","2018","2018","PC","Percentage","0","Units",,,6.325,,
"LRHUTTTT","Harmonised unemployment rate: all persons, s.a.","SWE","Sweden","ST","Level, ratio or index","A","Annual","2019","2019","PC","Percentage","0","Units",,,6.76666666666667,,
"LRHUTTTT","Harmonised unemployment rate: all persons, s.a.","CHE","Switzerland","ST","Level, ratio or index","A","Annual","2011","2011","PC","Percentage","0","Units",,,4.40140352043967,,
"LRHUTTTT","Harmonised unemployment rate: all persons, s.a.","CHE","Switzerland","ST","Level, ratio or index","A","Annual","2012","2012","PC","Percentage","0","Units",,,4.48393991515183,,
"LRHUTTTT","Harmonised unemployment rate: all persons, s.a.","CHE","Switzerland","ST","Level, ratio or index","A","Annual","2013","2013","PC","Percentage","0","Units",,,4.74668856049921,,
"LRHUTTTT","Harmonised unemployment rate: all persons, s.a.","CHE","Switzerland","ST","Level, ratio or index","A","Annual","2014","2014","PC","Percentage","0","Units",,,4.82930334839711,,
"LRHUTTTT","Harmonised unemployment rate: all persons, s.a.","CHE","Switzerland","ST","Level, ratio or index","A","Annual","2015","2015","PC","Percentage","0","Units",,,4.80018025793267,,
"LRHUTTTT","Harmonised unemployment rate: all persons, s.a.","CHE","Switzerland","ST","Level, ratio or index","A","Annual","2016","2016","PC","Percentage","0","Units",,,4.91871057443227,,
"LRHUTTTT","Harmonised unemployment rate: all persons, s.a.","CHE","Switzerland","ST","Level, ratio or index","A","Annual","2017","2017","PC","Percentage","0","Units",,,4.7971142996263,,
"LRHUTTTT","Harmonised unemployment rate: all persons, s.a.","CHE","Switzerland","ST","Level, ratio or index","A","Annual","2018","2018","PC","Percentage","0","Units",,,4.71422680128375,,
"LRHUTTTT","Harmonised unemployment rate: all persons, s.a.","CHE","Switzerland","ST","Level, ratio or index","A","Annual","2019","2019","PC","Percentage","0","Units",,,4.39445184230663,,
"LRHUTTTT","Harmonised unemployment rate: all persons, s.a.","TUR","Turkey","ST","Level, ratio or index","A","Annual","2011","2011","PC","Percentage","0","Units",,,8.825,,
"LRHUTTTT","Harmonised unemployment rate: all persons, s.a.","TUR","Turkey","ST","Level, ratio or index","A","Annual","2012","2012","PC","Percentage","0","Units",,,8.15833333333333,,
"LRHUTTTT","Harmonised unemployment rate: all persons, s.a.","TUR","Turkey","ST","Level, ratio or index","A","Annual","2013","2013","PC","Percentage","0","Units",,,8.725,"B","Break"
"LRHUTTTT","Harmonised unemployment rate: all persons, s.a.","TUR","Turkey","ST","Level, ratio or index","A","Annual","2014","2014","PC","Percentage","0","Units",,,9.95833333333333,,
"LRHUTTTT","Harmonised unemployment rate: all persons, s.a.","TUR","Turkey","ST","Level, ratio or index","A","Annual","2015","2015","PC","Percentage","0","Units",,,10.3083333333333,,
"LRHUTTTT","Harmonised unemployment rate: all persons, s.a.","TUR","Turkey","ST","Level, ratio or index","A","Annual","2016","2016","PC","Percentage","0","Units",,,10.9083333333333,,
"LRHUTTTT","Harmonised unemployment rate: all persons, s.a.","TUR","Turkey","ST","Level, ratio or index","A","Annual","2017","2017","PC","Percentage","0","Units",,,10.925,,
"LRHUTTTT","Harmonised unemployment rate: all persons, s.a.","TUR","Turkey","ST","Level, ratio or index","A","Annual","2018","2018","PC","Percentage","0","Units",,,10.975,,
"LRHUTTTT","Harmonised unemployment rate: all persons, s.a.","TUR","Turkey","ST","Level, ratio or index","A","Annual","2019","2019","PC","Percentage","0","Units",,,13.7,,
"LRHUTTTT","Harmonised unemployment rate: all persons, s.a.","GBR","United Kingdom","ST","Level, ratio or index","A","Annual","2011","2011","PC","Percentage","0","Units",,,8.05833333333333,,
"LRHUTTTT","Harmonised unemployment rate: all persons, s.a.","GBR","United Kingdom","ST","Level, ratio or index","A","Annual","2012","2012","PC","Percentage","0","Units",,,7.925,,
"LRHUTTTT","Harmonised unemployment rate: all persons, s.a.","GBR","United Kingdom","ST","Level, ratio or index","A","Annual","2013","2013","PC","Percentage","0","Units",,,7.55,,
"LRHUTTTT","Harmonised unemployment rate: all persons, s.a.","GBR","United Kingdom","ST","Level, ratio or index","A","Annual","2014","2014","PC","Percentage","0","Units",,,6.14166666666667,,
"LRHUTTTT","Harmonised unemployment rate: all persons, s.a.","GBR","United Kingdom","ST","Level, ratio or index","A","Annual","2015","2015","PC","Percentage","0","Units",,,5.325,,
"LRHUTTTT","Harmonised unemployment rate: all persons, s.a.","GBR","United Kingdom","ST","Level, ratio or index","A","Annual","2016","2016","PC","Percentage","0","Units",,,4.825,,
"LRHUTTTT","Harmonised unemployment rate: all persons, s.a.","GBR","United Kingdom","ST","Level, ratio or index","A","Annual","2017","2017","PC","Percentage","0","Units",,,4.35,,
"LRHUTTTT","Harmonised unemployment rate: all persons, s.a.","GBR","United Kingdom","ST","Level, ratio or index","A","Annual","2018","2018","PC","Percentage","0","Units",,,4.01666666666667,,
"LRHUTTTT","Harmonised unemployment rate: all persons, s.a.","GBR","United Kingdom","ST","Level, ratio or index","A","Annual","2019","2019","PC","Percentage","0","Units",,,3.76666666666667,,
"LRHUTTTT","Harmonised unemployment rate: all persons, s.a.","USA","United States","ST","Level, ratio or index","A","Annual","2011","2011","PC","Percentage","0","Units",,,8.95,,
"LRHUTTTT","Harmonised unemployment rate: all persons, s.a.","USA","United States","ST","Level, ratio or index","A","Annual","2012","2012","PC","Percentage","0","Units",,,8.06666666666667,,
"LRHUTTTT","Harmonised unemployment rate: all persons, s.a.","USA","United States","ST","Level, ratio or index","A","Annual","2013","2013","PC","Percentage","0","Units",,,7.375,,
"LRHUTTTT","Harmonised unemployment rate: all persons, s.a.","USA","United States","ST","Level, ratio or index","A","Annual","2014","2014","PC","Percentage","0","Units",,,6.16666666666667,,
"LRHUTTTT","Harmonised unemployment rate: all persons, s.a.","USA","United States","ST","Level, ratio or index","A","Annual","2015","2015","PC","Percentage","0","Units",,,5.29166666666667,,
"LRHUTTTT","Harmonised unemployment rate: all persons, s.a.","USA","United States","ST","Level, ratio or index","A","Annual","2016","2016","PC","Percentage","0","Units",,,4.86666666666667,,
"LRHUTTTT","Harmonised unemployment rate: all persons, s.a.","USA","United States","ST","Level, ratio or index","A","Annual","2017","2017","PC","Percentage","0","Units",,,4.35,,
"LRHUTTTT","Harmonised unemployment rate: all persons, s.a.","USA","United States","ST","Level, ratio or index","A","Annual","2018","2018","PC","Percentage","0","Units",,,3.9,,
"LRHUTTTT","Harmonised unemployment rate: all persons, s.a.","USA","United States","ST","Level, ratio or index","A","Annual","2019","2019","PC","Percentage","0","Units",,,3.66666666666667,,
"LRHUTTTT","Harmonised unemployment rate: all persons, s.a.","CHL","Chile","ST","Level, ratio or index","A","Annual","2011","2011","PC","Percentage","0","Units",,,7.125,,
"LRHUTTTT","Harmonised unemployment rate: all persons, s.a.","CHL","Chile","ST","Level, ratio or index","A","Annual","2012","2012","PC","Percentage","0","Units",,,6.43267569808634,,
"LRHUTTTT","Harmonised unemployment rate: all persons, s.a.","CHL","Chile","ST","Level, ratio or index","A","Annual","2013","2013","PC","Percentage","0","Units",,,5.93237761509328,,
"LRHUTTTT","Harmonised unemployment rate: all persons, s.a.","CHL","Chile","ST","Level, ratio or index","A","Annual","2014","2014","PC","Percentage","0","Units",,,6.39140353169338,,
"LRHUTTTT","Harmonised unemployment rate: all persons, s.a.","CHL","Chile","ST","Level, ratio or index","A","Annual","2015","2015","PC","Percentage","0","Units",,,6.21371866366004,,
"LRHUTTTT","Harmonised unemployment rate: all persons, s.a.","CHL","Chile","ST","Level, ratio or index","A","Annual","2016","2016","PC","Percentage","0","Units",,,6.49001247584928,,
"LRHUTTTT","Harmonised unemployment rate: all persons, s.a.","CHL","Chile","ST","Level, ratio or index","A","Annual","2017","2017","PC","Percentage","0","Units",,,6.6736884803668,,
"LRHUTTTT","Harmonised unemployment rate: all persons, s.a.","CHL","Chile","ST","Level, ratio or index","A","Annual","2018","2018","PC","Percentage","0","Units",,,6.9662122743754,,
"LRHUTTTT","Harmonised unemployment rate: all persons, s.a.","CHL","Chile","ST","Level, ratio or index","A","Annual","2019","2019","PC","Percentage","0","Units",,,6.99557150504585,,
"LRHUTTTT","Harmonised unemployment rate: all persons, s.a.","EST","Estonia","ST","Level, ratio or index","A","Annual","2011","2011","PC","Percentage","0","Units",,,12.425,,
"LRHUTTTT","Harmonised unemployment rate: all persons, s.a.","EST","Estonia","ST","Level, ratio or index","A","Annual","2012","2012","PC","Percentage","0","Units",,,9.99166666666667,,
"LRHUTTTT","Harmonised unemployment rate: all persons, s.a.","EST","Estonia","ST","Level, ratio or index","A","Annual","2013","2013","PC","Percentage","0","Units",,,8.56666666666667,,
"LRHUTTTT","Harmonised unemployment rate: all persons, s.a.","EST","Estonia","ST","Level, ratio or index","A","Annual","2014","2014","PC","Percentage","0","Units",,,7.38333333333333,,
"LRHUTTTT","Harmonised unemployment rate: all persons, s.a.","EST","Estonia","ST","Level, ratio or index","A","Annual","2015","2015","PC","Percentage","0","Units",,,6.20833333333333,,
"LRHUTTTT","Harmonised unemployment rate: all persons, s.a.","EST","Estonia","ST","Level, ratio or index","A","Annual","2016","2016","PC","Percentage","0","Units",,,6.76666666666667,,
"LRHUTTTT","Harmonised unemployment rate: all persons, s.a.","EST","Estonia","ST","Level, ratio or index","A","Annual","2017","2017","PC","Percentage","0","Units",,,5.81666666666667,,
"LRHUTTTT","Harmonised unemployment rate: all persons, s.a.","EST","Estonia","ST","Level, ratio or index","A","Annual","2018","2018","PC","Percentage","0","Units",,,5.375,,
"LRHUTTTT","Harmonised unemployment rate: all persons, s.a.","EST","Estonia","ST","Level, ratio or index","A","Annual","2019","2019","PC","Percentage","0","Units",,,4.4,,
"LRHUTTTT","Harmonised unemployment rate: all persons, s.a.","ISR","Israel","ST","Level, ratio or index","A","Annual","2011","2011","PC","Percentage","0","Units",,,5.6023763075,"B","Break"
"LRHUTTTT","Harmonised unemployment rate: all persons, s.a.","ISR","Israel","ST","Level, ratio or index","A","Annual","2012","2012","PC","Percentage","0","Units",,,6.85,,
"LRHUTTTT","Harmonised unemployment rate: all persons, s.a.","ISR","Israel","ST","Level, ratio or index","A","Annual","2013","2013","PC","Percentage","0","Units",,,6.20833333333333,,
"LRHUTTTT","Harmonised unemployment rate: all persons, s.a.","ISR","Israel","ST","Level, ratio or index","A","Annual","2014","2014","PC","Percentage","0","Units",,,5.90833333333333,,
"LRHUTTTT","Harmonised unemployment rate: all persons, s.a.","ISR","Israel","ST","Level, ratio or index","A","Annual","2015","2015","PC","Percentage","0","Units",,,5.24166666666667,,
"LRHUTTTT","Harmonised unemployment rate: all persons, s.a.","ISR","Israel","ST","Level, ratio or index","A","Annual","2016","2016","PC","Percentage","0","Units",,,4.80833333333333,,
"LRHUTTTT","Harmonised unemployment rate: all persons, s.a.","ISR","Israel","ST","Level, ratio or index","A","Annual","2017","2017","PC","Percentage","0","Units",,,4.21666666666667,,
"LRHUTTTT","Harmonised unemployment rate: all persons, s.a.","ISR","Israel","ST","Level, ratio or index","A","Annual","2018","2018","PC","Percentage","0","Units",,,4,,
"LRHUTTTT","Harmonised unemployment rate: all persons, s.a.","ISR","Israel","ST","Level, ratio or index","A","Annual","2019","2019","PC","Percentage","0","Units",,,3.8,,
"LRHUTTTT","Harmonised unemployment rate: all persons, s.a.","SVN","Slovenia","ST","Level, ratio or index","A","Annual","2011","2011","PC","Percentage","0","Units",,,8.20833333333333,,
"LRHUTTTT","Harmonised unemployment rate: all persons, s.a.","SVN","Slovenia","ST","Level, ratio or index","A","Annual","2012","2012","PC","Percentage","0","Units",,,8.89166666666667,,
"LRHUTTTT","Harmonised unemployment rate: all persons, s.a.","SVN","Slovenia","ST","Level, ratio or index","A","Annual","2013","2013","PC","Percentage","0","Units",,,10.1583333333333,,
"LRHUTTTT","Harmonised unemployment rate: all persons, s.a.","SVN","Slovenia","ST","Level, ratio or index","A","Annual","2014","2014","PC","Percentage","0","Units",,,9.74166666666667,,
"LRHUTTTT","Harmonised unemployment rate: all persons, s.a.","SVN","Slovenia","ST","Level, ratio or index","A","Annual","2015","2015","PC","Percentage","0","Units",,,9,,
"LRHUTTTT","Harmonised unemployment rate: all persons, s.a.","SVN","Slovenia","ST","Level, ratio or index","A","Annual","2016","2016","PC","Percentage","0","Units",,,8.00833333333333,,
"LRHUTTTT","Harmonised unemployment rate: all persons, s.a.","SVN","Slovenia","ST","Level, ratio or index","A","Annual","2017","2017","PC","Percentage","0","Units",,,6.6,,
"LRHUTTTT","Harmonised unemployment rate: all persons, s.a.","SVN","Slovenia","ST","Level, ratio or index","A","Annual","2018","2018","PC","Percentage","0","Units",,,5.125,,
"LRHUTTTT","Harmonised unemployment rate: all persons, s.a.","SVN","Slovenia","ST","Level, ratio or index","A","Annual","2019","2019","PC","Percentage","0","Units",,,4.45,,
"LRHUTTTT","Harmonised unemployment rate: all persons, s.a.","EU28","European Union (28 countries)","ST","Level, ratio or index","A","Annual","2011","2011","PC","Percentage","0","Units",,,9.66666666666667,,
"LRHUTTTT","Harmonised unemployment rate: all persons, s.a.","EU28","European Union (28 countries)","ST","Level, ratio or index","A","Annual","2012","2012","PC","Percentage","0","Units",,,10.4916666666667,,
"LRHUTTTT","Harmonised unemployment rate: all persons, s.a.","EU28","European Union (28 countries)","ST","Level, ratio or index","A","Annual","2013","2013","PC","Percentage","0","Units",,,10.8916666666667,,
"LRHUTTTT","Harmonised unemployment rate: all persons, s.a.","EU28","European Union (28 countries)","ST","Level, ratio or index","A","Annual","2014","2014","PC","Percentage","0","Units",,,10.2416666666667,,
"LRHUTTTT","Harmonised unemployment rate: all persons, s.a.","EU28","European Union (28 countries)","ST","Level, ratio or index","A","Annual","2015","2015","PC","Percentage","0","Units",,,9.425,,
"LRHUTTTT","Harmonised unemployment rate: all persons, s.a.","EU28","European Union (28 countries)","ST","Level, ratio or index","A","Annual","2016","2016","PC","Percentage","0","Units",,,8.55,,
"LRHUTTTT","Harmonised unemployment rate: all persons, s.a.","EU28","European Union (28 countries)","ST","Level, ratio or index","A","Annual","2017","2017","PC","Percentage","0","Units",,,7.64166666666667,,
"LRHUTTTT","Harmonised unemployment rate: all persons, s.a.","EU28","European Union (28 countries)","ST","Level, ratio or index","A","Annual","2018","2018","PC","Percentage","0","Units",,,6.83333333333333,,
"LRHUTTTT","Harmonised unemployment rate: all persons, s.a.","EU28","European Union (28 countries)","ST","Level, ratio or index","A","Annual","2019","2019","PC","Percentage","0","Units",,,6.325,,
"LRHUTTTT","Harmonised unemployment rate: all persons, s.a.","COL","Colombia","ST","Level, ratio or index","A","Annual","2011","2011","PC","Percentage","0","Units",,,10.895,,
"LRHUTTTT","Harmonised unemployment rate: all persons, s.a.","COL","Colombia","ST","Level, ratio or index","A","Annual","2012","2012","PC","Percentage","0","Units",,,10.4341666666667,,
"LRHUTTTT","Harmonised unemployment rate: all persons, s.a.","COL","Colombia","ST","Level, ratio or index","A","Annual","2013","2013","PC","Percentage","0","Units",,,9.70583333333333,,
"LRHUTTTT","Harmonised unemployment rate: all persons, s.a.","COL","Colombia","ST","Level, ratio or index","A","Annual","2014","2014","PC","Percentage","0","Units",,,9.16666666666666,,
"LRHUTTTT","Harmonised unemployment rate: all persons, s.a.","COL","Colombia","ST","Level, ratio or index","A","Annual","2015","2015","PC","Percentage","0","Units",,,8.96083333333333,,
"LRHUTTTT","Harmonised unemployment rate: all persons, s.a.","COL","Colombia","ST","Level, ratio or index","A","Annual","2016","2016","PC","Percentage","0","Units",,,9.27416666666667,,
"LRHUTTTT","Harmonised unemployment rate: all persons, s.a.","COL","Colombia","ST","Level, ratio or index","A","Annual","2017","2017","PC","Percentage","0","Units",,,9.42583333333334,,
"LRHUTTTT","Harmonised unemployment rate: all persons, s.a.","COL","Colombia","ST","Level, ratio or index","A","Annual","2018","2018","PC","Percentage","0","Units",,,9.71916666666666,,
"LRHUTTTT","Harmonised unemployment rate: all persons, s.a.","COL","Colombia","ST","Level, ratio or index","A","Annual","2019","2019","PC","Percentage","0","Units",,,10.545,,
